id_aluno, nome_erro, tempo_leitura, densidade_leitura, colfinal
4322, SyntaxError: invalid syntax, 5.107, 0.17610344827586208, 
4322, SyntaxError: invalid syntax, 1.145, 0.03948275862068966, 
4322, SyntaxError: invalid syntax, 1.33, 0.04586206896551724, 
4322, SyntaxError: invalid syntax, 0.277, 0.009551724137931036, 
4322, SyntaxError: invalid syntax, 2.8, 0.09655172413793103, 
4322, SyntaxError: invalid syntax, 17.545, 0.6050000000000001, 
4322, SyntaxError: invalid syntax, 6.228, 0.21475862068965518, 
4322, SyntaxError: invalid syntax, 5.205, 0.17948275862068966, 
4322, IndentationError: unexpected indent, 0.728, 0.018666666666666665, 
4322, SyntaxError: invalid syntax, 4.183, 0.1442413793103448, 
4322, SyntaxError: invalid syntax, 1.933, 0.06665517241379311, 
4322, NameError: name, 0.878, 0.016884615384615383, 
4322, NameError: name, 2.965, 0.057019230769230766, 
4322, NameError: name, 41.859, 0.8049807692307692, 
4322, NameError: name, 4.287, 0.08244230769230769, 
4322, NameError: name, 33.719, 0.6484423076923077, 
4322, NameError: name, 29.334, 0.5641153846153846, 
4322, NameError: name, 14.963, 0.28775, 
4073, SyntaxError: invalid syntax, 2.536, 0.08744827586206896, 
4067, NameError: name, 4.502, 0.08657692307692308, 
4067, NameError: name, 1.508, 0.029, 
4067, SyntaxError: invalid syntax, 2.94, 0.10137931034482758, 
4067, SyntaxError: invalid syntax, 1.388, 0.047862068965517236, 
4067, SyntaxError: invalid syntax, 0.587, 0.020241379310344827, 
4067, SyntaxError: invalid syntax, 7.328, 0.2526896551724138, 
4067, SyntaxError: invalid syntax, 4.336, 0.14951724137931036, 
4067, SyntaxError: invalid syntax, 11.809, 0.4072068965517241, 
4067, SyntaxError: invalid syntax, 2.124, 0.07324137931034483, 
4067, NameError: name, 6.445, 0.1239423076923077, 
4067, NameError: name, 1.798, 0.034576923076923075, 
4067, NameError: name, 1.881, 0.036173076923076926, 
4067, NameError: name, 0.841, 0.016173076923076922, 
4067, NameError: name, 7.583, 0.14582692307692308, 
4067, ValueError: invalid literal for int() with base 10, 6.086, 0.07802564102564102, 
4067, SyntaxError: invalid syntax, 3.903, 0.13458620689655174, 
4067, SyntaxError: invalid syntax, 7.366, 0.254, 
4067, SyntaxError: invalid syntax, 0.282, 0.009724137931034481, 
4067, SyntaxError: invalid syntax, 3.459, 0.11927586206896552, 
4067, SyntaxError: invalid syntax, 5.251, 0.1810689655172414, 
4067, SyntaxError: invalid syntax, 0.441, 0.015206896551724138, 
4067, SyntaxError: invalid syntax, 30.022, 1.0352413793103448, 
4067, SyntaxError: invalid syntax, 0.036, 0.0012413793103448274, 
4067, SyntaxError: invalid syntax, 0.943, 0.03251724137931034, 
4066, SyntaxError: invalid syntax, 4.512, 0.1555862068965517, 
4066, SyntaxError: invalid syntax, 2.754, 0.0949655172413793, 
4066, SyntaxError: invalid syntax, 2.593, 0.08941379310344827, 
3396, SyntaxError: invalid syntax, 3.113, 0.10734482758620689, 
3396, SyntaxError: invalid syntax, 0.909, 0.031344827586206894, 
4061, IndentationError: unindent, 14.399, 0.18226582278481013, 
4061, IndentationError: unindent, 39.256, 0.49691139240506327, 
4078, NameError: name, 4.261, 0.08194230769230769, 
4078, SyntaxError: invalid syntax, 2.104, 0.07255172413793104, 
4078, SyntaxError: invalid syntax, 5.887, 0.20299999999999999, 
4078, SyntaxError: invalid syntax, 0.71, 0.024482758620689653, 
4078, SyntaxError: invalid syntax, 0.358, 0.012344827586206896, 
3555, TabError: inconsistent use, 2.963, 0.050220338983050845, 
3555, TabError: inconsistent use, 0.126, 0.002135593220338983, 
3555, TabError: inconsistent use, 0.163, 0.00276271186440678, 
3555, TabError: inconsistent use, 13.787, 0.23367796610169492, 
4057, IndentationError: unexpected indent, 29.404, 0.753948717948718, 
4057, TypeError: unsupported operand type, 2.423, 0.056348837209302324, 
4057, SyntaxError: invalid syntax, 20.609, 0.7106551724137932, 
4057, SyntaxError: invalid syntax, 1.031, 0.035551724137931034, 
4057, SyntaxError: invalid syntax, 0.732, 0.025241379310344828, 
4057, SyntaxError: invalid syntax, 18.516, 0.6384827586206896, 
4080, NameError: name, 1.765, 0.03394230769230769, 
4080, NameError: name, 4.686, 0.09011538461538461, 
4080, NameError: name, 76.915, 1.4791346153846154, 
4080, NameError: name, 4.099, 0.07882692307692309, 
4080, TypeError: unsupported operand type, 4.619, 0.10741860465116279, 
4080, SyntaxError: invalid syntax, 6.992, 0.24110344827586208, 
4080, SyntaxError: invalid syntax, 1.471, 0.05072413793103449, 
4080, SyntaxError: invalid syntax, 1.225, 0.04224137931034483, 
4080, SyntaxError: invalid syntax, 1.376, 0.04744827586206896, 
4080, SyntaxError: unexpected EOF while parsing, 2.369, 0.04230357142857143, 
4080, SyntaxError: invalid syntax, 3.495, 0.12051724137931034, 
4080, SyntaxError: unexpected EOF while parsing, 2.661, 0.047517857142857146, 
4080, SyntaxError: invalid syntax, 16.614, 0.572896551724138, 
4080, SyntaxError: invalid syntax, 2.017, 0.06955172413793104, 
4080, SyntaxError: unexpected EOF while parsing, 8.748, 0.1562142857142857, 
4080, SyntaxError: unexpected EOF while parsing, 15.575, 0.278125, 
4080, NameError: name, 2.002, 0.03849999999999999, 
4080, NameError: name, 4.642, 0.08926923076923078, 
4184, SyntaxError: invalid syntax, 4.921, 0.1696896551724138, 
4427, NameError: name, 5.745, 0.11048076923076923, 
4427, SyntaxError: invalid syntax, 4.827, 0.16644827586206895, 
4427, SyntaxError: invalid syntax, 3.874, 0.13358620689655173, 
4427, SyntaxError: invalid syntax, 3.433, 0.11837931034482758, 
4427, SyntaxError: unexpected EOF while parsing, 5.867, 0.10476785714285715, 
4427, IndentationError: unindent, 5.975, 0.07563291139240506, 
4427, IndentationError: unindent, 7.001, 0.08862025316455696, 
4481, NameError: name, 9.491, 0.18251923076923077, 
4481, NameError: name, 8.637, 0.16609615384615387, 
4481, SyntaxError: invalid syntax, 2.69, 0.09275862068965517, 
4481, SyntaxError: invalid syntax, 7.139, 0.24617241379310345, 
4481, SyntaxError: invalid syntax, 4.655, 0.16051724137931037, 
4481, SyntaxError: invalid syntax, 4.144, 0.14289655172413793, 
4429, SyntaxError: invalid syntax, 21.182, 0.7304137931034482, 
4342, NameError: name, 2.804, 0.05392307692307692, 
4342, NameError: name, 14.464, 0.27815384615384614, 
4342, NameError: name, 2.742, 0.052730769230769234, 
4342, SyntaxError: unexpected EOF while parsing, 4.509, 0.08051785714285715, 
4342, SyntaxError: invalid syntax, 3.075, 0.1060344827586207, 
4342, SyntaxError: invalid syntax, 0.701, 0.024172413793103448, 
4342, SyntaxError: invalid syntax, 0.281, 0.009689655172413793, 
4342, SyntaxError: invalid syntax, 1.014, 0.034965517241379314, 
4342, SyntaxError: unexpected EOF while parsing, 0.889, 0.015875, 
4342, SyntaxError: unexpected EOF while parsing, 1.419, 0.025339285714285713, 
4342, SyntaxError: invalid syntax, 4.964, 0.17117241379310347, 
4342, SyntaxError: invalid syntax, 9.039, 0.31168965517241376, 
4342, SyntaxError: unexpected EOF while parsing, 5.991, 0.10698214285714285, 
4342, NameError: name, 3.489, 0.06709615384615385, 
4342, SyntaxError: invalid syntax, 1.437, 0.04955172413793103, 
4342, IndexError: index, 13.541, 0.1829864864864865, 
4342, IndexError: index, 8.451, 0.1142027027027027, 
4342, SyntaxError: unexpected EOF while parsing, 11.152, 0.19914285714285712, 
4342, IndexError: index, 9.097, 0.12293243243243243, 
4342, IndexError: index, 11.942, 0.16137837837837837, 
4342, NameError: name, 3.791, 0.07290384615384615, 
4342, SyntaxError: invalid syntax, 6.379, 0.2199655172413793, 
4342, SyntaxError: invalid syntax, 3.408, 0.11751724137931034, 
4342, SyntaxError: invalid syntax, 1.573, 0.054241379310344826, 
4342, SyntaxError: invalid syntax, 1.823, 0.06286206896551724, 
4342, SyntaxError: unexpected EOF while parsing, 5.401, 0.09644642857142857, 
4342, TypeError: unsupported operand type, 9.002, 0.20934883720930234, 
4342, TypeError: unsupported operand type, 3.171, 0.07374418604651162, 
4342, TypeError: unsupported operand type, 3.069, 0.07137209302325581, 
4342, TypeError: unsupported operand type, 4.235, 0.09848837209302326, 
4342, TypeError: unsupported operand type, 3.044, 0.0707906976744186, 
4342, TypeError: unsupported operand type, 0.359, 0.008348837209302325, 
4342, SyntaxError: invalid syntax, 2.652, 0.09144827586206897, 
4342, SyntaxError: invalid syntax, 10.855, 0.37431034482758624, 
4342, SyntaxError: invalid syntax, 11.373, 0.3921724137931034, 
4342, SyntaxError: invalid syntax, 1.502, 0.05179310344827586, 
4342, NameError: name, 2.388, 0.04592307692307692, 
4342, SyntaxError: unexpected EOF while parsing, 2.006, 0.03582142857142857, 
4342, SyntaxError: unexpected EOF while parsing, 4.625, 0.08258928571428571, 
4342, SyntaxError: unexpected EOF while parsing, 2.093, 0.037375, 
4342, SyntaxError: unexpected EOF while parsing, 9.022, 0.16110714285714287, 
4342, SyntaxError: invalid syntax, 2.015, 0.06948275862068966, 
4342, SyntaxError: invalid syntax, 1.058, 0.036482758620689656, 
4342, SyntaxError: invalid syntax, 1.28, 0.04413793103448276, 
4342, SyntaxError: unexpected EOF while parsing, 1.654, 0.029535714285714283, 
4342, SyntaxError: unexpected EOF while parsing, 7.222, 0.12896428571428573, 
4342, SyntaxError: unexpected EOF while parsing, 2.611, 0.04662500000000001, 
4342, SyntaxError: unexpected EOF while parsing, 1.604, 0.028642857142857144, 
4342, SyntaxError: unexpected EOF while parsing, 0.22, 0.003928571428571429, 
4342, SyntaxError: unexpected EOF while parsing, 1.701, 0.030375000000000003, 
4342, SyntaxError: unexpected EOF while parsing, 5.07, 0.09053571428571429, 
4342, TypeError: unsupported operand type, 3.765, 0.08755813953488373, 
4342, TypeError: unsupported operand type, 1.693, 0.03937209302325582, 
4342, SyntaxError: invalid syntax, 1.991, 0.06865517241379311, 
4342, SyntaxError: invalid syntax, 2.027, 0.06989655172413793, 
4342, IndentationError: expected an indented block, 0.745, 0.016195652173913045, 
4342, SyntaxError: invalid syntax, 4.135, 0.14258620689655171, 
4342, SyntaxError: unexpected EOF while parsing, 0.991, 0.01769642857142857, 
4342, SyntaxError: invalid syntax, 2.689, 0.09272413793103448, 
4342, IndentationError: expected an indented block, 10.571, 0.22980434782608694, 
4342, SyntaxError: unexpected EOF while parsing, 4.318, 0.07710714285714285, 
4342, NameError: name, 2.453, 0.04717307692307692, 
4342, SyntaxError: unexpected EOF while parsing, 2.693, 0.048089285714285716, 
4342, SyntaxError: invalid syntax, 2.562, 0.08834482758620689, 
4342, SyntaxError: invalid syntax, 2.314, 0.07979310344827586, 
4342, SyntaxError: invalid syntax, 2.392, 0.08248275862068966, 
4342, SyntaxError: invalid syntax, 85.767, 2.9574827586206895, 
4342, SyntaxError: invalid syntax, 1.125, 0.03879310344827586, 
4342, NameError: name, 12.803, 0.24621153846153848, 
4342, SyntaxError: invalid syntax, 19.924, 0.6870344827586207, 
4342, SyntaxError: invalid syntax, 1.333, 0.04596551724137931, 
4342, SyntaxError: invalid syntax, 2.6, 0.0896551724137931, 
4342, SyntaxError: invalid syntax, 1.655, 0.05706896551724138, 
4342, SyntaxError: invalid syntax, 30.042, 1.0359310344827586, 
4342, SyntaxError: invalid syntax, 1.507, 0.05196551724137931, 
4342, IndentationError: unexpected indent, 1.737, 0.04453846153846154, 
4342, SyntaxError: invalid syntax, 32.211, 1.1107241379310344, 
4342, NameError: name, 8.754, 0.16834615384615384, 
4342, SyntaxError: invalid syntax, 2.545, 0.08775862068965518, 
4342, SyntaxError: invalid syntax, 2.271, 0.0783103448275862, 
4342, SyntaxError: invalid syntax, 3.063, 0.10562068965517242, 
4342, IndentationError: expected an indented block, 5.019, 0.10910869565217392, 
4342, SyntaxError: invalid syntax, 19.302, 0.6655862068965517, 
4342, NameError: name, 1.751, 0.033673076923076924, 
4342, SyntaxError: invalid syntax, 16.896, 0.5826206896551724, 
4342, SyntaxError: invalid syntax, 1.922, 0.06627586206896552, 
4342, SyntaxError: invalid syntax, 40.673, 1.4025172413793103, 
4342, SyntaxError: invalid syntax, 2.592, 0.08937931034482759, 
4342, SyntaxError: invalid syntax, 3.17, 0.1093103448275862, 
4342, SyntaxError: invalid syntax, 37.326, 1.287103448275862, 
4342, TypeError: unsupported operand type, 9.246, 0.2150232558139535, 
4342, TypeError: unsupported operand type, 13.04, 0.30325581395348833, 
4342, SyntaxError: invalid syntax, 10.875, 0.375, 
4342, SyntaxError: invalid syntax, 7.843, 0.270448275862069, 
4342, SyntaxError: invalid syntax, 112.628, 3.8837241379310345, 
4342, SyntaxError: invalid syntax, 1.545, 0.053275862068965514, 
4342, SyntaxError: invalid syntax, 58.763, 2.026310344827586, 
4342, IndentationError: unexpected indent, 2.697, 0.06915384615384615, 
4342, NameError: name, 2.255, 0.04336538461538461, 
4342, SyntaxError: invalid syntax, 6.158, 0.2123448275862069, 
4174, SyntaxError: unexpected EOF while parsing, 10.159, 0.1814107142857143, 
4174, SyntaxError: invalid syntax, 3.393, 0.11699999999999999, 
4174, SyntaxError: invalid syntax, 1.789, 0.06168965517241379, 
4174, SyntaxError: invalid syntax, 1.783, 0.06148275862068965, 
4174, IndentationError: expected an indented block, 0.875, 0.019021739130434784, 
4174, IndentationError: expected an indented block, 0.599, 0.013021739130434782, 
4174, IndentationError: expected an indented block, 0.533, 0.011586956521739132, 
4174, SyntaxError: invalid syntax, 0.643, 0.02217241379310345, 
4174, SyntaxError: invalid syntax, 0.867, 0.02989655172413793, 
4174, SyntaxError: invalid syntax, 0.859, 0.029620689655172415, 
4174, SyntaxError: invalid syntax, 0.778, 0.026827586206896552, 
4174, SyntaxError: invalid syntax, 0.784, 0.02703448275862069, 
4174, SyntaxError: invalid syntax, 0.762, 0.026275862068965518, 
4174, SyntaxError: invalid syntax, 4.973, 0.17148275862068965, 
4174, SyntaxError: invalid syntax, 0.139, 0.0047931034482758626, 
4174, SyntaxError: invalid syntax, 1.488, 0.05131034482758621, 
4174, NameError: name, 2.518, 0.048423076923076916, 
4174, SyntaxError: invalid syntax, 0.839, 0.02893103448275862, 
4174, NameError: name, 3.655, 0.07028846153846154, 
4174, NameError: name, 5.865, 0.11278846153846155, 
4174, SyntaxError: invalid syntax, 2.052, 0.07075862068965517, 
4174, SyntaxError: invalid syntax, 0.141, 0.004862068965517241, 
4174, SyntaxError: invalid syntax, 0.141, 0.004862068965517241, 
4174, SyntaxError: invalid syntax, 0.019, 0.0006551724137931034, 
4174, SyntaxError: invalid syntax, 10.023, 0.3456206896551724, 
4174, SyntaxError: invalid syntax, 1.631, 0.05624137931034483, 
4174, IndentationError: unexpected indent, 12.33, 0.3161538461538462, 
4174, IndentationError: unexpected indent, 2.768, 0.07097435897435897, 
4174, IndentationError: unindent, 1.301, 0.016468354430379747, 
4174, IndentationError: unindent, 0.807, 0.010215189873417721, 
4174, SyntaxError: invalid syntax, 0.961, 0.03313793103448276, 
4177, NameError: name, 8.961, 0.17232692307692307, 
4193, SyntaxError: unexpected EOF while parsing, 4.543, 0.081125, 
4193, SyntaxError: invalid syntax, 4.005, 0.13810344827586207, 
4193, SyntaxError: invalid syntax, 2.147, 0.07403448275862068, 
4193, SyntaxError: invalid syntax, 3.255, 0.11224137931034482, 
4193, IndentationError: unindent, 4.603, 0.05826582278481012, 
4194, SyntaxError: invalid syntax, 0.913, 0.03148275862068966, 
4194, SyntaxError: invalid syntax, 1.94, 0.06689655172413793, 
4194, SyntaxError: invalid syntax, 5.152, 0.1776551724137931, 
4194, SyntaxError: invalid syntax, 1.786, 0.061586206896551726, 
4194, SyntaxError: invalid syntax, 0.993, 0.03424137931034483, 
4194, SyntaxError: invalid syntax, 2.019, 0.06962068965517242, 
4194, IndentationError: expected an indented block, 87.117, 1.8938478260869567, 
4194, IndentationError: expected an indented block, 3.91, 0.085, 
4194, TypeError: unsupported operand type, 3.936, 0.09153488372093023, 
4194, TypeError: unsupported operand type, 2.834, 0.06590697674418605, 
4194, TypeError: unsupported operand type, 3.034, 0.07055813953488371, 
4194, SyntaxError: invalid syntax, 1.689, 0.05824137931034483, 
4194, SyntaxError: invalid syntax, 1.038, 0.03579310344827586, 
4194, SyntaxError: invalid syntax, 0.937, 0.032310344827586206, 
4194, SyntaxError: invalid syntax, 0.937, 0.032310344827586206, 
4194, SyntaxError: invalid syntax, 2.381, 0.08210344827586206, 
4194, NameError: name, 5.861, 0.11271153846153846, 
4194, SyntaxError: invalid syntax, 1.376, 0.04744827586206896, 
4482, SyntaxError: invalid syntax, 7.387, 0.2547241379310345, 
4482, SyntaxError: invalid syntax, 2.708, 0.09337931034482759, 
4482, SyntaxError: unexpected EOF while parsing, 39.494, 0.70525, 
4482, SyntaxError: unexpected EOF while parsing, 3.703, 0.066125, 
4482, SyntaxError: unexpected EOF while parsing, 3.229, 0.05766071428571429, 
4482, SyntaxError: unexpected EOF while parsing, 3.948, 0.0705, 
4482, SyntaxError: unexpected EOF while parsing, 1.008, 0.018, 
4482, SyntaxError: unexpected EOF while parsing, 2.283, 0.04076785714285714, 
4482, ValueError: invalid literal for int() with base 10, 1.318, 0.0168974358974359, 
4482, SyntaxError: invalid syntax, 2.039, 0.07031034482758622, 
4482, SyntaxError: invalid syntax, 3.52, 0.12137931034482759, 
4482, SyntaxError: invalid syntax, 2.225, 0.07672413793103448, 
4482, SyntaxError: invalid syntax, 3.424, 0.11806896551724137, 
4482, SyntaxError: invalid syntax, 38.236, 1.3184827586206895, 
4482, SyntaxError: invalid syntax, 3.916, 0.13503448275862068, 
4482, SyntaxError: invalid syntax, 1.309, 0.045137931034482756, 
4482, SyntaxError: invalid syntax, 3.19, 0.11, 
4170, SyntaxError: invalid syntax, 3.253, 0.11217241379310346, 
4170, SyntaxError: invalid syntax, 8.215, 0.2832758620689655, 
4187, SyntaxError: invalid syntax, 2.972, 0.10248275862068966, 
4187, NameError: name, 1.042, 0.02003846153846154, 
4187, NameError: name, 3.502, 0.06734615384615385, 
4171, SyntaxError: invalid syntax, 12.028, 0.4147586206896552, 
4171, IndexError: index, 6.949, 0.0939054054054054, 
4171, IndexError: index, 3.314, 0.04478378378378378, 
4171, IndexError: index, 14.187, 0.1917162162162162, 
4472, SyntaxError: invalid syntax, 2.325, 0.08017241379310346, 
4472, SyntaxError: invalid syntax, 7.527, 0.25955172413793104, 
4472, SyntaxError: invalid syntax, 5.668, 0.19544827586206898, 
4472, SyntaxError: invalid syntax, 1.246, 0.04296551724137931, 
4472, SyntaxError: invalid syntax, 1.459, 0.05031034482758621, 
4472, SyntaxError: invalid syntax, 38.256, 1.3191724137931033, 
4472, SyntaxError: invalid syntax, 1.255, 0.04327586206896551, 
4472, IndentationError: expected an indented block, 1.358, 0.029521739130434786, 
4472, IndentationError: expected an indented block, 1.926, 0.041869565217391304, 
4472, SyntaxError: invalid syntax, 1.223, 0.04217241379310345, 
4472, SyntaxError: invalid syntax, 1.187, 0.04093103448275862, 
4472, SyntaxError: invalid syntax, 7.877, 0.2716206896551724, 
4472, SyntaxError: invalid syntax, 14.592, 0.5031724137931035, 
4472, SyntaxError: invalid syntax, 1.69, 0.05827586206896552, 
4472, SyntaxError: invalid syntax, 2.273, 0.07837931034482759, 
4472, IndentationError: expected an indented block, 4.444, 0.0966086956521739, 
4472, NameError: name, 9.385, 0.18048076923076922, 
4472, TabError: inconsistent use, 5.715, 0.09686440677966102, 
4472, SyntaxError: invalid syntax, 13.666, 0.4712413793103448, 
4472, SyntaxError: invalid syntax, 2.167, 0.07472413793103448, 
4472, NameError: name, 7.411, 0.14251923076923076, 
4472, SyntaxError: invalid syntax, 5.074, 0.1749655172413793, 
4472, SyntaxError: invalid syntax, 7.593, 0.26182758620689656, 
4472, SyntaxError: invalid syntax, 4.602, 0.1586896551724138, 
4472, SyntaxError: invalid syntax, 7.13, 0.24586206896551724, 
4472, SyntaxError: invalid syntax, 1.504, 0.05186206896551724, 
4472, SyntaxError: invalid syntax, 24.908, 0.8588965517241379, 
4472, SyntaxError: invalid syntax, 11.298, 0.3895862068965517, 
4472, SyntaxError: invalid syntax, 15.916, 0.5488275862068965, 
4472, SyntaxError: invalid syntax, 3.336, 0.11503448275862069, 
4472, SyntaxError: invalid syntax, 1.896, 0.06537931034482758, 
4472, SyntaxError: invalid syntax, 2.648, 0.09131034482758621, 
4472, SyntaxError: invalid syntax, 1.491, 0.05141379310344828, 
4472, SyntaxError: invalid syntax, 17.98, 0.62, 
4472, NameError: name, 37.636, 0.7237692307692308, 
4472, NameError: name, 3.975, 0.0764423076923077, 
4472, TypeError: unsupported operand type, 73.765, 1.7154651162790697, 
4472, SyntaxError: invalid syntax, 7.861, 0.27106896551724136, 
4472, SyntaxError: invalid syntax, 2.13, 0.07344827586206897, 
4472, IndentationError: unexpected indent, 3.543, 0.09084615384615385, 
4472, SyntaxError: invalid syntax, 2.584, 0.08910344827586207, 
4472, SyntaxError: invalid syntax, 9.918, 0.34199999999999997, 
4472, SyntaxError: invalid syntax, 7.559, 0.2606551724137931, 
4472, NameError: name, 9.299, 0.17882692307692308, 
4472, SyntaxError: invalid syntax, 8.78, 0.30275862068965514, 
4472, SyntaxError: invalid syntax, 1.61, 0.05551724137931035, 
4472, SyntaxError: invalid syntax, 23.066, 0.7953793103448276, 
4472, SyntaxError: invalid syntax, 0.281, 0.009689655172413793, 
4472, SyntaxError: invalid syntax, 57.724, 1.9904827586206895, 
4472, SyntaxError: invalid syntax, 1.823, 0.06286206896551724, 
4472, IndentationError: expected an indented block, 7.415, 0.16119565217391305, 
4472, IndentationError: expected an indented block, 0.578, 0.012565217391304347, 
4472, NameError: name, 4.513, 0.08678846153846154, 
4472, NameError: name, 5.073, 0.09755769230769232, 
4472, SyntaxError: invalid syntax, 2.775, 0.09568965517241379, 
4472, NameError: name, 4.345, 0.0835576923076923, 
4472, SyntaxError: invalid syntax, 4.0, 0.13793103448275862, 
4472, SyntaxError: invalid syntax, 32.642, 1.1255862068965519, 
4472, SyntaxError: invalid syntax, 16.59, 0.5720689655172414, 
4472, SyntaxError: invalid syntax, 2.739, 0.09444827586206896, 
4472, SyntaxError: invalid syntax, 20.273, 0.6990689655172414, 
4472, SyntaxError: invalid syntax, 24.059, 0.8296206896551724, 
4472, SyntaxError: invalid syntax, 1.446, 0.04986206896551724, 
4472, SyntaxError: invalid syntax, 1.96, 0.06758620689655172, 
4472, SyntaxError: invalid syntax, 2.305, 0.07948275862068967, 
4472, SyntaxError: invalid syntax, 6.035, 0.20810344827586208, 
4472, SyntaxError: invalid syntax, 2.08, 0.07172413793103448, 
4472, SyntaxError: invalid syntax, 0.88, 0.030344827586206897, 
4472, SyntaxError: invalid syntax, 2.21, 0.07620689655172413, 
4472, SyntaxError: invalid syntax, 1.296, 0.04468965517241379, 
4472, SyntaxError: invalid syntax, 48.018, 1.6557931034482758, 
4472, IndentationError: unindent, 1.18, 0.014936708860759493, 
4472, SyntaxError: invalid syntax, 4.357, 0.15024137931034484, 
4472, SyntaxError: invalid syntax, 7.051, 0.24313793103448275, 
4472, SyntaxError: invalid syntax, 5.48, 0.18896551724137933, 
4472, SyntaxError: invalid syntax, 6.05, 0.20862068965517241, 
4472, NameError: name, 29.849, 0.5740192307692308, 
4472, NameError: name, 4.584, 0.08815384615384615, 
3119, ValueError: invalid literal for int() with base 10, 12.316, 0.1578974358974359, 
3135, IndentationError: unindent, 3.616, 0.04577215189873418, 
3135, IndentationError: unindent, 1.83, 0.023164556962025316, 
3135, IndentationError: unindent, 15.528, 0.19655696202531647, 
3135, SyntaxError: invalid syntax, 3.529, 0.12168965517241379, 
3135, SyntaxError: invalid syntax, 2.692, 0.09282758620689656, 
3135, SyntaxError: unexpected EOF while parsing, 22.593, 0.4034464285714286, 
4352, SyntaxError: invalid syntax, 17.095, 0.5894827586206897, 
4352, SyntaxError: invalid syntax, 2.677, 0.09231034482758621, 
3960, SyntaxError: invalid syntax, 3.938, 0.13579310344827586, 
3960, SyntaxError: invalid syntax, 4.504, 0.15531034482758618, 
3960, SyntaxError: invalid syntax, 1.368, 0.047172413793103454, 
4345, SyntaxError: invalid syntax, 6.472, 0.22317241379310346, 
4345, SyntaxError: invalid syntax, 2.751, 0.09486206896551724, 
4345, SyntaxError: invalid syntax, 46.9, 1.6172413793103448, 
4464, SyntaxError: unexpected EOF while parsing, 3.816, 0.06814285714285714, 
4464, NameError: name, 6.376, 0.12261538461538463, 
4464, NameError: name, 2.87, 0.05519230769230769, 
4347, SyntaxError: invalid syntax, 7.233, 0.24941379310344827, 
4347, SyntaxError: invalid syntax, 3.057, 0.10541379310344827, 
4347, NameError: name, 2.146, 0.041269230769230766, 
4347, SyntaxError: invalid syntax, 20.876, 0.7198620689655173, 
4347, SyntaxError: invalid syntax, 0.932, 0.03213793103448276, 
4347, SyntaxError: invalid syntax, 2.294, 0.07910344827586208, 
4347, SyntaxError: invalid syntax, 1.022, 0.03524137931034483, 
4347, SyntaxError: invalid syntax, 1.034, 0.0356551724137931, 
4347, NameError: name, 1.888, 0.036307692307692305, 
4347, NameError: name, 0.864, 0.016615384615384615, 
4347, SyntaxError: invalid syntax, 33.106, 1.1415862068965519, 
4372, SyntaxError: invalid syntax, 4.827, 0.16644827586206895, 
4351, SyntaxError: invalid syntax, 1.92, 0.06620689655172414, 
4351, SyntaxError: unexpected EOF while parsing, 14.205, 0.2536607142857143, 
4432, SyntaxError: invalid syntax, 2.881, 0.09934482758620689, 
4358, NameError: name, 1.474, 0.028346153846153847, 
4358, TypeError: unsupported operand type, 5.676, 0.132, 
4358, NameError: name, 16.426, 0.3158846153846154, 
4358, TypeError: unsupported operand type, 4.471, 0.10397674418604651, 
4358, NameError: name, 10.203, 0.19621153846153844, 
4358, SyntaxError: invalid syntax, 13.842, 0.4773103448275862, 
4358, SyntaxError: invalid syntax, 1.639, 0.05651724137931034, 
4358, SyntaxError: invalid syntax, 3.396, 0.11710344827586207, 
4358, IndentationError: unindent, 0.824, 0.010430379746835442, 
4358, NameError: name, 4.158, 0.07996153846153847, 
4358, IndentationError: unindent, 21.6, 0.27341772151898736, 
4358, IndentationError: unindent, 1.171, 0.014822784810126582, 
4358, SyntaxError: invalid syntax, 0.953, 0.03286206896551724, 
4358, SyntaxError: invalid syntax, 2.017, 0.06955172413793104, 
4358, NameError: name, 3.743, 0.07198076923076922, 
4358, SyntaxError: unexpected EOF while parsing, 8.922, 0.15932142857142859, 
4358, NameError: name, 4.872, 0.09369230769230769, 
4358, SyntaxError: invalid syntax, 1.544, 0.05324137931034483, 
4358, NameError: name, 3.301, 0.06348076923076923, 
4358, ValueError: invalid literal for int() with base 10, 16.678, 0.21382051282051284, 
4358, SyntaxError: invalid syntax, 2.805, 0.09672413793103449, 
4358, SyntaxError: invalid syntax, 2.379, 0.08203448275862069, 
4358, NameError: name, 5.08, 0.09769230769230769, 
4358, SyntaxError: invalid syntax, 25.721, 0.8869310344827587, 
4358, SyntaxError: invalid syntax, 1.183, 0.040793103448275865, 
4358, SyntaxError: invalid syntax, 1.426, 0.04917241379310345, 
4358, IndentationError: unindent, 1.374, 0.01739240506329114, 
4358, IndentationError: unindent, 5.841, 0.0739367088607595, 
4358, NameError: name, 1.876, 0.036076923076923076, 
4358, SyntaxError: invalid syntax, 3.112, 0.10731034482758621, 
4358, SyntaxError: invalid syntax, 2.084, 0.07186206896551725, 
4358, SyntaxError: invalid syntax, 1.676, 0.05779310344827586, 
4358, TypeError: unsupported operand type, 3.642, 0.08469767441860465, 
4001, SyntaxError: unexpected EOF while parsing, 45.838, 0.8185357142857143, 
4001, SyntaxError: unexpected EOF while parsing, 6.369, 0.11373214285714285, 
4001, SyntaxError: invalid syntax, 1.394, 0.04806896551724137, 
4001, ValueError: invalid literal for int() with base 10, 3.151, 0.04039743589743589, 
4001, ValueError: invalid literal for int() with base 10, 6.266, 0.08033333333333334, 
4001, ValueError: invalid literal for int() with base 10, 2.41, 0.0308974358974359, 
4001, NameError: name, 4.308, 0.08284615384615385, 
4001, NameError: name, 23.102, 0.44426923076923075, 
4001, NameError: name, 4.739, 0.09113461538461538, 
4001, SyntaxError: invalid syntax, 1.438, 0.04958620689655172, 
4001, SyntaxError: invalid syntax, 1.268, 0.04372413793103448, 
4001, SyntaxError: invalid syntax, 1.904, 0.0656551724137931, 
4001, SyntaxError: invalid syntax, 2.611, 0.09003448275862069, 
4001, SyntaxError: invalid syntax, 1.88, 0.06482758620689655, 
4001, SyntaxError: invalid syntax, 1.024, 0.03531034482758621, 
4001, SyntaxError: invalid syntax, 35.408, 1.2209655172413794, 
4001, ZeroDivisionError: float division by zero, 33.042, 0.7509545454545455, 
4001, ZeroDivisionError: float division by zero, 3.659, 0.0831590909090909, 
4001, SyntaxError: unexpected EOF while parsing, 2.458, 0.04389285714285714, 
4001, SyntaxError: invalid syntax, 4.143, 0.14286206896551723, 
4001, SyntaxError: invalid syntax, 0.028, 0.0009655172413793104, 
4001, SyntaxError: invalid syntax, 1.307, 0.04506896551724138, 
4001, SyntaxError: invalid syntax, 3.06, 0.10551724137931034, 
4001, SyntaxError: invalid syntax, 1.2, 0.041379310344827586, 
4001, SyntaxError: invalid syntax, 1.478, 0.05096551724137931, 
4001, SyntaxError: invalid syntax, 0.886, 0.030551724137931034, 
4001, SyntaxError: invalid syntax, 1.674, 0.05772413793103448, 
4001, TypeError: unsupported operand type, 0.842, 0.019581395348837207, 
4001, TypeError: unsupported operand type, 40.182, 0.9344651162790698, 
4001, IndexError: index, 1.841, 0.024878378378378377, 
4001, TypeError: unsupported operand type, 12.028, 0.2797209302325582, 
4001, SyntaxError: invalid syntax, 4.402, 0.15179310344827587, 
4001, IndexError: index, 0.521, 0.007040540540540541, 
4001, IndexError: index, 19.614, 0.2650540540540541, 
4001, IndentationError: expected an indented block, 11.375, 0.24728260869565216, 
4001, IndentationError: expected an indented block, 1.776, 0.03860869565217391, 
4001, NameError: name, 2.493, 0.04794230769230769, 
4001, SyntaxError: unexpected EOF while parsing, 6.854, 0.12239285714285715, 
4001, SyntaxError: unexpected EOF while parsing, 1.851, 0.033053571428571425, 
4001, SyntaxError: invalid syntax, 1.5, 0.05172413793103448, 
4001, IndentationError: unindent, 2.08, 0.026329113924050632, 
4001, IndentationError: unindent, 1.745, 0.02208860759493671, 
4001, IndentationError: unindent, 16.805, 0.21272151898734176, 
4001, IndentationError: unindent, 0.962, 0.012177215189873417, 
4008, TypeError: unsupported operand type, 13806.694, 321.0859069767442, 
4008, SyntaxError: invalid syntax, 4.707, 0.1623103448275862, 
4008, SyntaxError: invalid syntax, 4.255, 0.14672413793103448, 
4008, TypeError: unsupported operand type, 2.322, 0.054, 
4008, SyntaxError: unexpected EOF while parsing, 3.38, 0.06035714285714285, 
4008, SyntaxError: unexpected EOF while parsing, 3.019, 0.05391071428571429, 
4008, SyntaxError: unexpected EOF while parsing, 1.683, 0.03005357142857143, 
4008, SyntaxError: invalid syntax, 7.045, 0.24293103448275863, 
4008, NameError: name, 4.615, 0.08875000000000001, 
4008, SyntaxError: invalid syntax, 9.346, 0.3222758620689655, 
4008, SyntaxError: invalid syntax, 2.716, 0.0936551724137931, 
4008, SyntaxError: invalid syntax, 3.681, 0.1269310344827586, 
4008, SyntaxError: invalid syntax, 4.925, 0.16982758620689656, 
4008, SyntaxError: invalid syntax, 2.297, 0.07920689655172414, 
4008, IndentationError: expected an indented block, 1.599, 0.034760869565217394, 
4008, NameError: name, 7.943, 0.15275, 
4008, SyntaxError: unexpected EOF while parsing, 7.304, 0.13042857142857142, 
4008, SyntaxError: unexpected EOF while parsing, 4.609, 0.08230357142857143, 
4008, SyntaxError: invalid syntax, 3.117, 0.10748275862068965, 
4008, SyntaxError: invalid syntax, 4.098, 0.1413103448275862, 
4008, SyntaxError: invalid syntax, 2.713, 0.09355172413793103, 
4008, SyntaxError: invalid syntax, 1.715, 0.05913793103448276, 
4008, SyntaxError: invalid syntax, 16.213, 0.5590689655172414, 
4008, IndentationError: unindent, 3.521, 0.044569620253164556, 
4485, SyntaxError: invalid syntax, 11.219, 0.3868620689655172, 
4485, SyntaxError: invalid syntax, 130.783, 4.509758620689655, 
4485, NameError: name, 4.083, 0.07851923076923077, 
4485, SyntaxError: unexpected EOF while parsing, 7.423, 0.13255357142857144, 
4485, ValueError: invalid literal for int() with base 10, 0.932, 0.011948717948717949, 
4485, SyntaxError: unexpected EOF while parsing, 0.93, 0.01660714285714286, 
4485, SyntaxError: invalid syntax, 4.273, 0.14734482758620687, 
4485, SyntaxError: invalid syntax, 1.705, 0.05879310344827587, 
4485, SyntaxError: invalid syntax, 1.76, 0.060689655172413794, 
4485, NameError: name, 2.715, 0.05221153846153846, 
4485, SyntaxError: invalid syntax, 2.953, 0.10182758620689655, 
4485, NameError: name, 3.63, 0.0698076923076923, 
4485, NameError: name, 61.206, 1.1770384615384617, 
4485, SyntaxError: invalid syntax, 15.872, 0.5473103448275862, 
4485, SyntaxError: invalid syntax, 3.543, 0.12217241379310345, 
4485, SyntaxError: invalid syntax, 2.156, 0.0743448275862069, 
4485, SyntaxError: invalid syntax, 6.806, 0.2346896551724138, 
4485, TypeError: unsupported operand type, 8.012, 0.18632558139534885, 
4485, SyntaxError: unexpected EOF while parsing, 5.44, 0.09714285714285716, 
4485, SyntaxError: invalid syntax, 3.147, 0.10851724137931033, 
4414, IndentationError: unindent, 3.251, 0.04115189873417721, 
4414, IndentationError: unindent, 0.904, 0.011443037974683545, 
4414, NameError: name, 1.442, 0.02773076923076923, 
3987, ValueError: invalid literal for int() with base 10, 71.575, 0.9176282051282052, 
3987, TypeError: unsupported operand type, 3.883, 0.09030232558139535, 
3987, NameError: name, 3.105, 0.05971153846153846, 
3987, TypeError: unsupported operand type, 195.587, 4.54853488372093, 
3987, SyntaxError: invalid syntax, 20.463, 0.7056206896551724, 
3987, SyntaxError: invalid syntax, 5.975, 0.20603448275862069, 
3987, SyntaxError: invalid syntax, 5.217, 0.17989655172413793, 
3987, SyntaxError: invalid syntax, 4.522, 0.15593103448275863, 
3987, SyntaxError: invalid syntax, 12.649, 0.4361724137931034, 
3987, SyntaxError: invalid syntax, 7.213, 0.24872413793103448, 
3987, TypeError: unsupported operand type, 6.102, 0.14190697674418606, 
3987, SyntaxError: invalid syntax, 3.781, 0.13037931034482758, 
3987, SyntaxError: invalid syntax, 9.568, 0.3299310344827586, 
3987, SyntaxError: invalid syntax, 6.146, 0.21193103448275863, 
3987, IndentationError: unexpected indent, 2.803, 0.07187179487179488, 
3987, TabError: inconsistent use, 55.455, 0.9399152542372881, 
3987, TabError: inconsistent use, 6.097, 0.10333898305084746, 
3987, TabError: inconsistent use, 3.335, 0.056525423728813556, 
3987, TabError: inconsistent use, 7.98, 0.1352542372881356, 
3987, TabError: inconsistent use, 2.973, 0.05038983050847457, 
3987, IndentationError: unexpected indent, 1.692, 0.04338461538461538, 
3987, SyntaxError: unexpected EOF while parsing, 2.9, 0.05178571428571428, 
3987, SyntaxError: invalid syntax, 42.196, 1.4550344827586206, 
3987, SyntaxError: invalid syntax, 26.283, 0.9063103448275862, 
3987, SyntaxError: invalid syntax, 1.717, 0.05920689655172414, 
3987, SyntaxError: invalid syntax, 0.782, 0.02696551724137931, 
3987, TypeError: unsupported operand type, 2.894, 0.06730232558139536, 
3987, NameError: name, 45.153, 0.868326923076923, 
3987, NameError: name, 5.449, 0.10478846153846154, 
3987, NameError: name, 1.115, 0.02144230769230769, 
3987, SyntaxError: invalid syntax, 1.559, 0.05375862068965517, 
3987, SyntaxError: invalid syntax, 0.618, 0.021310344827586206, 
3987, SyntaxError: invalid syntax, 9.887, 0.34093103448275863, 
3987, SyntaxError: invalid syntax, 1.898, 0.06544827586206896, 
3987, NameError: name, 90.663, 1.7435192307692307, 
3987, NameError: name, 15.234, 0.29296153846153844, 
3987, NameError: name, 6.03, 0.11596153846153846, 
3987, SyntaxError: invalid syntax, 1.211, 0.041758620689655176, 
3987, IndentationError: unexpected indent, 2.847, 0.073, 
3987, IndentationError: unexpected indent, 1.805, 0.04628205128205128, 
3987, IndentationError: unindent, 4.663, 0.059025316455696204, 
3987, IndentationError: unindent, 4.442, 0.056227848101265826, 
3987, IndentationError: unindent, 0.81, 0.010253164556962025, 
3987, SyntaxError: invalid syntax, 0.842, 0.029034482758620687, 
3987, IndentationError: unindent, 1.759, 0.022265822784810124, 
3987, SyntaxError: invalid syntax, 6.983, 0.24079310344827584, 
3987, SyntaxError: invalid syntax, 1.235, 0.04258620689655173, 
3987, SyntaxError: unexpected EOF while parsing, 4.259, 0.07605357142857143, 
3987, NameError: name, 3.293, 0.06332692307692309, 
3987, IndentationError: expected an indented block, 6.573, 0.1428913043478261, 
3987, IndentationError: expected an indented block, 51.132, 1.1115652173913042, 
3987, IndentationError: expected an indented block, 5.198, 0.113, 
3987, IndentationError: expected an indented block, 2.798, 0.06082608695652174, 
3987, SyntaxError: invalid syntax, 13.355, 0.4605172413793104, 
3987, SyntaxError: invalid syntax, 2.248, 0.07751724137931035, 
3987, SyntaxError: invalid syntax, 0.871, 0.03003448275862069, 
3987, SyntaxError: invalid syntax, 1.241, 0.04279310344827587, 
3987, NameError: name, 2.125, 0.040865384615384616, 
3987, SyntaxError: invalid syntax, 4.978, 0.1716551724137931, 
3987, SyntaxError: invalid syntax, 1.185, 0.040862068965517244, 
3987, SyntaxError: invalid syntax, 1.324, 0.045655172413793105, 
3987, SyntaxError: invalid syntax, 5.294, 0.18255172413793103, 
3987, SyntaxError: invalid syntax, 0.902, 0.031103448275862068, 
3987, SyntaxError: invalid syntax, 1.946, 0.06710344827586207, 
3987, SyntaxError: invalid syntax, 0.014, 0.0004827586206896552, 
3987, SyntaxError: invalid syntax, 1.183, 0.040793103448275865, 
3987, IndentationError: expected an indented block, 1.837, 0.03993478260869565, 
3987, IndentationError: unindent, 5.307, 0.06717721518987342, 
3987, TabError: inconsistent use, 8.014, 0.13583050847457626, 
3987, IndentationError: unindent, 6.574, 0.08321518987341772, 
3987, IndentationError: unindent, 15.707, 0.19882278481012658, 
3987, IndentationError: expected an indented block, 4.9, 0.10652173913043479, 
3987, SyntaxError: invalid syntax, 4.628, 0.15958620689655173, 
3987, SyntaxError: invalid syntax, 2.838, 0.09786206896551725, 
3999, TabError: inconsistent use, 3.154, 0.05345762711864407, 
3986, SyntaxError: invalid syntax, 4.541, 0.15658620689655173, 
3986, SyntaxError: invalid syntax, 1.711, 0.059000000000000004, 
3986, SyntaxError: invalid syntax, 1.793, 0.06182758620689655, 
3986, SyntaxError: invalid syntax, 1.081, 0.037275862068965514, 
3986, SyntaxError: invalid syntax, 2.399, 0.08272413793103449, 
3986, SyntaxError: invalid syntax, 0.132, 0.004551724137931035, 
3986, SyntaxError: invalid syntax, 2.09, 0.07206896551724137, 
3986, NameError: name, 2.458, 0.04726923076923077, 
3986, SyntaxError: invalid syntax, 4.644, 0.16013793103448276, 
3986, SyntaxError: invalid syntax, 2.602, 0.08972413793103448, 
3986, SyntaxError: invalid syntax, 0.739, 0.025482758620689654, 
3986, NameError: name, 3.457, 0.06648076923076923, 
3986, SyntaxError: invalid syntax, 1.757, 0.06058620689655172, 
3986, IndentationError: unexpected indent, 4.197, 0.10761538461538461, 
3986, NameError: name, 1.371, 0.026365384615384617, 
3986, NameError: name, 2.359, 0.04536538461538461, 
3986, SyntaxError: invalid syntax, 5.405, 0.1863793103448276, 
3986, NameError: name, 3.03, 0.05826923076923077, 
3986, NameError: name, 2.451, 0.047134615384615386, 
3986, NameError: name, 4.012, 0.07715384615384614, 
3986, SyntaxError: invalid syntax, 0.735, 0.025344827586206896, 
3986, NameError: name, 0.877, 0.016865384615384615, 
3986, NameError: name, 2.611, 0.05021153846153847, 
3986, NameError: name, 2.153, 0.04140384615384615, 
3986, NameError: name, 1.129, 0.021711538461538463, 
3986, SyntaxError: invalid syntax, 1.174, 0.04048275862068965, 
3986, SyntaxError: invalid syntax, 2.911, 0.10037931034482758, 
3986, SyntaxError: invalid syntax, 1.745, 0.06017241379310345, 
3986, SyntaxError: invalid syntax, 1.551, 0.05348275862068965, 
3986, SyntaxError: invalid syntax, 1.867, 0.06437931034482759, 
3986, SyntaxError: invalid syntax, 1.143, 0.03941379310344827, 
3986, SyntaxError: invalid syntax, 9.306, 0.3208965517241379, 
3986, TypeError: unsupported operand type, 3.082, 0.07167441860465117, 
3986, SyntaxError: invalid syntax, 11.087, 0.3823103448275862, 
3986, SyntaxError: invalid syntax, 1.067, 0.03679310344827586, 
3986, SyntaxError: invalid syntax, 1.152, 0.03972413793103448, 
3986, SyntaxError: invalid syntax, 1.183, 0.040793103448275865, 
4469, ValueError: invalid literal for int() with base 10, 13.671, 0.17526923076923076, 
4469, IndexError: index, 55.282, 0.747054054054054, 
4469, IndexError: index, 3.541, 0.04785135135135135, 
4469, IndexError: index, 0.384, 0.005189189189189189, 
4469, IndexError: index, 0.817, 0.01104054054054054, 
4469, IndexError: index, 3.014, 0.04072972972972973, 
4014, SyntaxError: invalid syntax, 21.424, 0.7387586206896551, 
4014, SyntaxError: invalid syntax, 2.531, 0.08727586206896552, 
4014, SyntaxError: invalid syntax, 9.014, 0.31082758620689654, 
4014, SyntaxError: invalid syntax, 3.593, 0.12389655172413792, 
4014, IndentationError: unindent, 3.29, 0.04164556962025316, 
4014, SyntaxError: invalid syntax, 6.031, 0.2079655172413793, 
4014, TabError: inconsistent use, 60.863, 1.0315762711864407, 
4014, SyntaxError: invalid syntax, 28.943, 0.9980344827586207, 
4014, IndentationError: unindent, 9.127, 0.11553164556962026, 
4014, IndentationError: unindent, 3.393, 0.042949367088607596, 
3995, NameError: name, 48.501, 0.9327115384615384, 
3995, SyntaxError: invalid syntax, 8.618, 0.29717241379310344, 
3995, SyntaxError: invalid syntax, 3.359, 0.11582758620689655, 
3995, SyntaxError: invalid syntax, 1.505, 0.05189655172413793, 
3995, SyntaxError: invalid syntax, 4.317, 0.14886206896551724, 
3995, SyntaxError: invalid syntax, 3.095, 0.1067241379310345, 
3995, SyntaxError: invalid syntax, 21.799, 0.7516896551724138, 
3995, NameError: name, 11.478, 0.22073076923076923, 
3995, TypeError: unsupported operand type, 4.063, 0.09448837209302324, 
3995, TypeError: unsupported operand type, 10.745, 0.24988372093023253, 
3995, TypeError: unsupported operand type, 1.921, 0.04467441860465116, 
3995, SyntaxError: invalid syntax, 227.288, 7.83751724137931, 
3995, SyntaxError: unexpected EOF while parsing, 1.217, 0.02173214285714286, 
3995, SyntaxError: unexpected EOF while parsing, 1.22, 0.021785714285714287, 
3995, SyntaxError: unexpected EOF while parsing, 3.077, 0.05494642857142857, 
3995, SyntaxError: invalid syntax, 3.32, 0.11448275862068966, 
3995, SyntaxError: invalid syntax, 2.253, 0.0776896551724138, 
3995, TypeError: unsupported operand type, 3.728, 0.08669767441860465, 
3995, TypeError: unsupported operand type, 26.031, 0.6053720930232558, 
3995, SyntaxError: invalid syntax, 3.221, 0.11106896551724138, 
3995, SyntaxError: invalid syntax, 3.691, 0.12727586206896552, 
3995, SyntaxError: invalid syntax, 6.031, 0.2079655172413793, 
3995, SyntaxError: invalid syntax, 0.894, 0.030827586206896553, 
3995, IndentationError: expected an indented block, 12.787, 0.27797826086956523, 
3995, SyntaxError: invalid syntax, 5.307, 0.18300000000000002, 
3995, SyntaxError: invalid syntax, 1.297, 0.04472413793103448, 
3995, SyntaxError: invalid syntax, 3.016, 0.104, 
3995, SyntaxError: invalid syntax, 3.93, 0.13551724137931034, 
3995, TypeError: unsupported operand type, 1.603, 0.03727906976744186, 
3995, TypeError: unsupported operand type, 34.395, 0.7998837209302326, 
3995, TypeError: unsupported operand type, 8.699, 0.20230232558139535, 
3995, TypeError: unsupported operand type, 5.89, 0.1369767441860465, 
3995, SyntaxError: invalid syntax, 1.827, 0.063, 
3995, SyntaxError: invalid syntax, 3.202, 0.11041379310344827, 
3995, TypeError: unsupported operand type, 1.315, 0.030581395348837206, 
3995, TypeError: unsupported operand type, 2.895, 0.06732558139534883, 
3995, TypeError: unsupported operand type, 5.079, 0.11811627906976743, 
3995, ValueError: invalid literal for int() with base 10, 3.556, 0.04558974358974359, 
3995, IndentationError: expected an indented block, 24.04, 0.5226086956521739, 
3995, IndentationError: expected an indented block, 11.977, 0.2603695652173913, 
3995, SyntaxError: unexpected EOF while parsing, 1.782, 0.03182142857142857, 
4012, NameError: name, 6.123, 0.11775000000000001, 
4012, SyntaxError: unexpected EOF while parsing, 4.379, 0.07819642857142857, 
4012, SyntaxError: unexpected EOF while parsing, 0.072, 0.0012857142857142856, 
4012, SyntaxError: unexpected EOF while parsing, 6.287, 0.11226785714285714, 
4012, SyntaxError: invalid syntax, 10.842, 0.37386206896551727, 
4012, IndexError: index, 2.352, 0.031783783783783784, 
3985, SyntaxError: unexpected EOF while parsing, 12.779, 0.22819642857142858, 
3985, SyntaxError: unexpected EOF while parsing, 7.98, 0.14250000000000002, 
3985, SyntaxError: unexpected EOF while parsing, 5.348, 0.0955, 
3985, SyntaxError: invalid syntax, 9.786, 0.33744827586206894, 
3985, SyntaxError: invalid syntax, 2.167, 0.07472413793103448, 
3985, SyntaxError: invalid syntax, 1.308, 0.045103448275862074, 
3985, SyntaxError: invalid syntax, 2.767, 0.09541379310344827, 
3985, SyntaxError: unexpected EOF while parsing, 2.844, 0.05078571428571428, 
3985, SyntaxError: unexpected EOF while parsing, 5.233, 0.09344642857142857, 
4004, SyntaxError: invalid syntax, 28.9, 0.996551724137931, 
4004, SyntaxError: invalid syntax, 2.682, 0.09248275862068965, 
4004, SyntaxError: unexpected EOF while parsing, 7.318, 0.13067857142857142, 
4004, SyntaxError: unexpected EOF while parsing, 3.083, 0.05505357142857143, 
4002, SyntaxError: invalid syntax, 8.111, 0.27968965517241384, 
4002, SyntaxError: invalid syntax, 0.345, 0.01189655172413793, 
4271, SyntaxError: invalid syntax, 24.303, 0.8380344827586207, 
4271, SyntaxError: invalid syntax, 3.534, 0.12186206896551724, 
4271, SyntaxError: invalid syntax, 2.116, 0.07296551724137931, 
4271, SyntaxError: invalid syntax, 13.609, 0.46927586206896554, 
4271, SyntaxError: invalid syntax, 2.813, 0.097, 
4271, SyntaxError: invalid syntax, 2.491, 0.08589655172413793, 
4271, TabError: inconsistent use, 4.626, 0.07840677966101696, 
4271, TabError: inconsistent use, 5.513, 0.0934406779661017, 
4271, IndentationError: unindent, 7.596, 0.09615189873417722, 
4271, SyntaxError: invalid syntax, 10.044, 0.34634482758620694, 
4271, SyntaxError: invalid syntax, 3.345, 0.1153448275862069, 
4271, IndentationError: unexpected indent, 10.102, 0.259025641025641, 
4271, SyntaxError: invalid syntax, 2.732, 0.09420689655172415, 
4271, SyntaxError: invalid syntax, 2.844, 0.09806896551724137, 
4271, SyntaxError: invalid syntax, 7.275, 0.25086206896551727, 
4271, TypeError: unsupported operand type, 1.002, 0.023302325581395347, 
4271, SyntaxError: invalid syntax, 19.979, 0.6889310344827586, 
4271, SyntaxError: invalid syntax, 2.526, 0.08710344827586206, 
4271, NameError: name, 4.535, 0.08721153846153847, 
4271, NameError: name, 13.324, 0.2562307692307692, 
4271, SyntaxError: invalid syntax, 71.991, 2.482448275862069, 
4271, SyntaxError: invalid syntax, 147.491, 5.085896551724138, 
4271, SyntaxError: invalid syntax, 12.014, 0.4142758620689655, 
4271, SyntaxError: invalid syntax, 8.265, 0.28500000000000003, 
4271, SyntaxError: invalid syntax, 6.265, 0.21603448275862067, 
4271, SyntaxError: invalid syntax, 99.252, 3.4224827586206894, 
4271, SyntaxError: invalid syntax, 13.864, 0.47806896551724143, 
4271, SyntaxError: invalid syntax, 7.23, 0.2493103448275862, 
4271, SyntaxError: invalid syntax, 6.967, 0.2402413793103448, 
4271, SyntaxError: invalid syntax, 5.572, 0.19213793103448276, 
4271, SyntaxError: invalid syntax, 34.481, 1.189, 
4271, SyntaxError: invalid syntax, 246.235, 8.490862068965518, 
4271, TabError: inconsistent use, 2.758, 0.046745762711864404, 
4271, TabError: inconsistent use, 53.285, 0.9031355932203389, 
4271, NameError: name, 4.614, 0.08873076923076922, 
4271, SyntaxError: invalid syntax, 17.273, 0.5956206896551725, 
4271, SyntaxError: invalid syntax, 0.019, 0.0006551724137931034, 
4271, SyntaxError: invalid syntax, 7.227, 0.24920689655172415, 
4271, SyntaxError: invalid syntax, 19.293, 0.6652758620689655, 
4271, SyntaxError: invalid syntax, 10.159, 0.3503103448275862, 
4271, SyntaxError: invalid syntax, 17.708, 0.6106206896551724, 
4271, NameError: name, 6.055, 0.11644230769230769, 
4271, NameError: name, 2.657, 0.05109615384615385, 
4271, SyntaxError: invalid syntax, 3.082, 0.10627586206896551, 
4271, NameError: name, 5.915, 0.11375, 
4271, NameError: name, 6.867, 0.13205769230769232, 
4271, NameError: name, 11.849, 0.2278653846153846, 
4271, SyntaxError: invalid syntax, 2.585, 0.08913793103448275, 
4271, NameError: name, 7.609, 0.14632692307692308, 
4271, NameError: name, 0.379, 0.007288461538461539, 
4271, SyntaxError: invalid syntax, 0.379, 0.01306896551724138, 
4271, SyntaxError: invalid syntax, 38.773, 1.3370000000000002, 
4271, SyntaxError: invalid syntax, 8.058, 0.27786206896551724, 
4271, SyntaxError: invalid syntax, 8.267, 0.28506896551724137, 
4013, SyntaxError: invalid syntax, 2.384, 0.08220689655172414, 
4013, SyntaxError: invalid syntax, 14.648, 0.5051034482758621, 
4013, SyntaxError: invalid syntax, 0.678, 0.023379310344827587, 
4013, IndentationError: expected an indented block, 23.323, 0.5070217391304348, 
4013, IndentationError: expected an indented block, 4.4, 0.09565217391304348, 
4013, IndentationError: expected an indented block, 3.942, 0.08569565217391305, 
4013, NameError: name, 8.447, 0.16244230769230766, 
4013, SyntaxError: invalid syntax, 10.227, 0.3526551724137931, 
4013, SyntaxError: invalid syntax, 16.64, 0.5737931034482758, 
4013, SyntaxError: invalid syntax, 1.557, 0.053689655172413794, 
4013, SyntaxError: invalid syntax, 5.157, 0.17782758620689657, 
4013, SyntaxError: invalid syntax, 1.469, 0.05065517241379311, 
4013, NameError: name, 7.363, 0.14159615384615384, 
4013, NameError: name, 10.515, 0.20221153846153847, 
4013, NameError: name, 20.261, 0.38963461538461536, 
4013, ValueError: invalid literal for int() with base 10, 3.82, 0.04897435897435897, 
4013, ValueError: invalid literal for int() with base 10, 7.021, 0.09001282051282052, 
4013, ValueError: invalid literal for int() with base 10, 7.671, 0.09834615384615385, 
4013, ValueError: invalid literal for int() with base 10, 2.039, 0.026141025641025644, 
4013, ValueError: invalid literal for int() with base 10, 1.211, 0.015525641025641027, 
4013, ValueError: invalid literal for int() with base 10, 13.501, 0.17308974358974358, 
4013, SyntaxError: invalid syntax, 2.379, 0.08203448275862069, 
4013, SyntaxError: invalid syntax, 5.428, 0.18717241379310345, 
4013, SyntaxError: invalid syntax, 27.945, 0.9636206896551724, 
4013, SyntaxError: invalid syntax, 43.806, 1.510551724137931, 
4013, SyntaxError: invalid syntax, 32.761, 1.1296896551724138, 
4013, SyntaxError: invalid syntax, 15.964, 0.5504827586206896, 
4013, ValueError: invalid literal for int() with base 10, 68.446, 0.8775128205128205, 
4013, SyntaxError: invalid syntax, 5.776, 0.19917241379310344, 
4013, SyntaxError: invalid syntax, 3.646, 0.12572413793103449, 
4013, SyntaxError: invalid syntax, 8.245, 0.28431034482758616, 
4013, SyntaxError: invalid syntax, 0.997, 0.034379310344827586, 
4013, SyntaxError: unexpected EOF while parsing, 1.711, 0.03055357142857143, 
4013, SyntaxError: unexpected EOF while parsing, 3.144, 0.05614285714285715, 
4013, SyntaxError: invalid syntax, 3.668, 0.12648275862068967, 
4013, SyntaxError: invalid syntax, 1.075, 0.03706896551724138, 
4013, SyntaxError: invalid syntax, 1.033, 0.03562068965517241, 
4013, SyntaxError: unexpected EOF while parsing, 2.389, 0.04266071428571428, 
4013, SyntaxError: unexpected EOF while parsing, 3.12, 0.055714285714285716, 
4013, SyntaxError: invalid syntax, 38.712, 1.334896551724138, 
4013, SyntaxError: invalid syntax, 1.933, 0.06665517241379311, 
4013, SyntaxError: invalid syntax, 1.334, 0.046, 
4310, SyntaxError: invalid syntax, 0.917, 0.03162068965517242, 
4310, SyntaxError: invalid syntax, 0.162, 0.005586206896551724, 
4310, SyntaxError: invalid syntax, 0.162, 0.005586206896551724, 
4310, SyntaxError: invalid syntax, 0.085, 0.0029310344827586207, 
4310, SyntaxError: invalid syntax, 0.755, 0.026034482758620688, 
3992, SyntaxError: invalid syntax, 9.796, 0.33779310344827584, 
4011, SyntaxError: invalid syntax, 6.418, 0.22131034482758621, 
4011, SyntaxError: invalid syntax, 7.183, 0.2476896551724138, 
4011, SyntaxError: invalid syntax, 5.659, 0.19513793103448276, 
4011, IndentationError: unindent, 22.996, 0.2910886075949367, 
4011, IndentationError: unindent, 12.508, 0.15832911392405064, 
4011, SyntaxError: invalid syntax, 19.041, 0.6565862068965518, 
4470, TypeError: unsupported operand type, 2.03, 0.04720930232558139, 
4130, SyntaxError: invalid syntax, 2.473, 0.08527586206896551, 
4130, NameError: name, 1.786, 0.034346153846153846, 
4130, SyntaxError: unexpected EOF while parsing, 3.864, 0.06899999999999999, 
4130, SyntaxError: unexpected EOF while parsing, 3.087, 0.055125, 
4130, TypeError: unsupported operand type, 2.964, 0.06893023255813953, 
4130, TypeError: unsupported operand type, 2.145, 0.04988372093023256, 
4130, ValueError: invalid literal for int() with base 10, 8.362, 0.1072051282051282, 
4130, SyntaxError: invalid syntax, 3.754, 0.12944827586206897, 
4130, IndentationError: expected an indented block, 5.665, 0.12315217391304348, 
4130, IndentationError: expected an indented block, 5.783, 0.12571739130434784, 
4130, SyntaxError: invalid syntax, 1.085, 0.03741379310344827, 
4130, SyntaxError: invalid syntax, 2.399, 0.08272413793103449, 
4130, SyntaxError: invalid syntax, 0.284, 0.009793103448275862, 
4130, SyntaxError: invalid syntax, 0.678, 0.023379310344827587, 
4130, IndexError: index, 6.098, 0.0824054054054054, 
4130, SyntaxError: invalid syntax, 23.527, 0.8112758620689655, 
4130, SyntaxError: invalid syntax, 1.227, 0.04231034482758621, 
4130, SyntaxError: invalid syntax, 1.071, 0.03693103448275862, 
4130, SyntaxError: invalid syntax, 0.737, 0.025413793103448275, 
4130, SyntaxError: invalid syntax, 11.319, 0.39031034482758625, 
4130, SyntaxError: invalid syntax, 1.005, 0.0346551724137931, 
4130, SyntaxError: invalid syntax, 4.368, 0.15062068965517242, 
4130, SyntaxError: invalid syntax, 8.098, 0.2792413793103449, 
4130, SyntaxError: invalid syntax, 0.766, 0.026413793103448276, 
4135, SyntaxError: invalid syntax, 7.746, 0.2671034482758621, 
4135, SyntaxError: invalid syntax, 38.561, 1.3296896551724138, 
4135, SyntaxError: unexpected EOF while parsing, 1.487, 0.02655357142857143, 
4132, IndentationError: unindent, 33.154, 0.41967088607594943, 
4132, SyntaxError: invalid syntax, 7.351, 0.25348275862068964, 
4132, SyntaxError: invalid syntax, 1.676, 0.05779310344827586, 
4132, SyntaxError: invalid syntax, 1.517, 0.0523103448275862, 
4132, NameError: name, 1.096, 0.02107692307692308, 
4132, TabError: inconsistent use, 4.179, 0.07083050847457628, 
4424, SyntaxError: invalid syntax, 13.604, 0.46910344827586203, 
4424, SyntaxError: invalid syntax, 2.546, 0.08779310344827586, 
4424, SyntaxError: invalid syntax, 2.061, 0.07106896551724137, 
4424, SyntaxError: invalid syntax, 1.608, 0.05544827586206897, 
4424, SyntaxError: invalid syntax, 0.858, 0.029586206896551722, 
4424, NameError: name, 1.069, 0.020557692307692308, 
4424, SyntaxError: invalid syntax, 35.783, 1.233896551724138, 
4424, SyntaxError: invalid syntax, 13.723, 0.47320689655172415, 
4424, IndentationError: expected an indented block, 2.396, 0.05208695652173913, 
4424, NameError: name, 0.715, 0.01375, 
4126, SyntaxError: unexpected EOF while parsing, 9.144, 0.16328571428571428, 
4126, IndentationError: unindent, 3.178, 0.04022784810126582, 
4126, IndentationError: unindent, 2.152, 0.027240506329113925, 
4126, IndentationError: unindent, 93.584, 1.184607594936709, 
4126, IndentationError: unindent, 8.541, 0.10811392405063291, 
4126, SyntaxError: invalid syntax, 1.045, 0.03603448275862069, 
4126, NameError: name, 5.629, 0.10824999999999999, 
4126, IndentationError: unindent, 4.333, 0.054848101265822784, 
4126, IndentationError: unindent, 5.353, 0.06775949367088607, 
4126, SyntaxError: invalid syntax, 1.226, 0.04227586206896552, 
4126, SyntaxError: invalid syntax, 1.806, 0.06227586206896552, 
4126, SyntaxError: invalid syntax, 0.639, 0.02203448275862069, 
4126, ValueError: invalid literal for int() with base 10, 1.71, 0.021923076923076924, 
4125, SyntaxError: invalid syntax, 4.739, 0.16341379310344828, 
4125, SyntaxError: invalid syntax, 1.764, 0.06082758620689655, 
4125, SyntaxError: invalid syntax, 4.128, 0.1423448275862069, 
4125, SyntaxError: invalid syntax, 1.936, 0.06675862068965517, 
4125, SyntaxError: invalid syntax, 3.627, 0.12506896551724137, 
4125, SyntaxError: invalid syntax, 0.936, 0.032275862068965516, 
4125, SyntaxError: invalid syntax, 1.579, 0.05444827586206896, 
4125, SyntaxError: unexpected EOF while parsing, 1.292, 0.023071428571428573, 
4125, SyntaxError: invalid syntax, 1.664, 0.057379310344827586, 
4125, SyntaxError: invalid syntax, 1.531, 0.05279310344827586, 
4125, ZeroDivisionError: float division by zero, 1.791, 0.04070454545454545, 
4125, SyntaxError: invalid syntax, 3.667, 0.12644827586206897, 
4125, SyntaxError: invalid syntax, 1.789, 0.06168965517241379, 
4125, SyntaxError: invalid syntax, 3.945, 0.13603448275862068, 
4125, SyntaxError: invalid syntax, 2.756, 0.09503448275862068, 
4125, SyntaxError: invalid syntax, 1.014, 0.034965517241379314, 
4422, IndentationError: unexpected indent, 1.466, 0.03758974358974359, 
4422, SyntaxError: invalid syntax, 1.645, 0.056724137931034486, 
4422, IndentationError: unindent, 1.167, 0.014772151898734178, 
4157, NameError: name, 14.339, 0.27575, 
4157, NameError: name, 1.057, 0.020326923076923076, 
4157, TypeError: unsupported operand type, 7.61, 0.17697674418604653, 
4157, TypeError: unsupported operand type, 3.194, 0.07427906976744186, 
4157, NameError: name, 10.97, 0.21096153846153848, 
4157, NameError: name, 26.831, 0.5159807692307692, 
4157, SyntaxError: unexpected EOF while parsing, 8.492, 0.15164285714285716, 
4157, SyntaxError: unexpected EOF while parsing, 1.33, 0.02375, 
4157, SyntaxError: unexpected EOF while parsing, 0.829, 0.014803571428571428, 
4157, SyntaxError: unexpected EOF while parsing, 0.156, 0.002785714285714286, 
4157, SyntaxError: unexpected EOF while parsing, 0.257, 0.004589285714285714, 
4157, SyntaxError: unexpected EOF while parsing, 0.153, 0.002732142857142857, 
4157, SyntaxError: unexpected EOF while parsing, 0.162, 0.0028928571428571428, 
4157, SyntaxError: unexpected EOF while parsing, 0.187, 0.0033392857142857143, 
4157, SyntaxError: unexpected EOF while parsing, 0.184, 0.0032857142857142855, 
4157, SyntaxError: unexpected EOF while parsing, 0.186, 0.0033214285714285715, 
4157, TypeError: unsupported operand type, 15.528, 0.36111627906976745, 
4157, TypeError: unsupported operand type, 8.277, 0.19248837209302325, 
4157, TypeError: unsupported operand type, 3.652, 0.08493023255813954, 
4157, SyntaxError: invalid syntax, 0.986, 0.034, 
4157, NameError: name, 1.157, 0.02225, 
4128, SyntaxError: invalid syntax, 4.203, 0.14493103448275862, 
4128, SyntaxError: invalid syntax, 0.346, 0.01193103448275862, 
4162, SyntaxError: unexpected EOF while parsing, 0.489, 0.008732142857142857, 
4162, SyntaxError: unexpected EOF while parsing, 0.511, 0.009125, 
4162, SyntaxError: unexpected EOF while parsing, 8.543, 0.15255357142857143, 
4162, SyntaxError: invalid syntax, 14.505, 0.5001724137931035, 
4162, SyntaxError: invalid syntax, 0.813, 0.028034482758620687, 
4143, SyntaxError: invalid syntax, 10.346, 0.3567586206896552, 
4143, SyntaxError: invalid syntax, 17.835, 0.615, 
4143, ValueError: invalid literal for int() with base 10, 1.142, 0.014641025641025639, 
4143, SyntaxError: invalid syntax, 1.253, 0.04320689655172413, 
4143, NameError: name, 8.968, 0.17246153846153847, 
4143, NameError: name, 16.475, 0.3168269230769231, 
4143, SyntaxError: invalid syntax, 19.044, 0.6566896551724138, 
4143, SyntaxError: invalid syntax, 1.786, 0.061586206896551726, 
4143, SyntaxError: invalid syntax, 1.464, 0.050482758620689655, 
4143, SyntaxError: invalid syntax, 0.918, 0.031655172413793106, 
4143, SyntaxError: invalid syntax, 0.747, 0.025758620689655173, 
4143, SyntaxError: invalid syntax, 11.947, 0.4119655172413793, 
4143, SyntaxError: invalid syntax, 0.026, 0.000896551724137931, 
4143, SyntaxError: invalid syntax, 0.042, 0.0014482758620689656, 
4143, SyntaxError: invalid syntax, 0.773, 0.026655172413793105, 
4143, SyntaxError: invalid syntax, 0.029, 0.001, 
4143, SyntaxError: invalid syntax, 1.199, 0.041344827586206896, 
4143, SyntaxError: unexpected EOF while parsing, 204.701, 3.655375, 
4143, SyntaxError: invalid syntax, 3.211, 0.11072413793103447, 
4143, SyntaxError: invalid syntax, 1.203, 0.04148275862068966, 
4143, SyntaxError: invalid syntax, 2.148, 0.07406896551724139, 
4143, SyntaxError: invalid syntax, 46.525, 1.6043103448275862, 
4143, SyntaxError: invalid syntax, 1.795, 0.06189655172413793, 
4143, SyntaxError: invalid syntax, 29.769, 1.0265172413793102, 
4143, SyntaxError: invalid syntax, 2.085, 0.07189655172413793, 
4143, SyntaxError: invalid syntax, 0.69, 0.02379310344827586, 
4143, IndentationError: expected an indented block, 47.418, 1.0308260869565218, 
4143, IndentationError: expected an indented block, 6.806, 0.14795652173913043, 
4143, IndentationError: expected an indented block, 16.197, 0.3521086956521739, 
4143, IndentationError: expected an indented block, 10.24, 0.22260869565217392, 
4143, IndentationError: expected an indented block, 1.107, 0.024065217391304346, 
4143, SyntaxError: invalid syntax, 23.327, 0.8043793103448277, 
4143, TypeError: unsupported operand type, 8.701, 0.20234883720930233, 
4143, TypeError: unsupported operand type, 4.406, 0.10246511627906976, 
4143, IndentationError: unindent, 26.846, 0.33982278481012657, 
4143, IndentationError: unindent, 21.92, 0.27746835443037976, 
4143, IndentationError: unindent, 3.794, 0.0480253164556962, 
4143, IndentationError: unindent, 3.134, 0.03967088607594937, 
4143, IndentationError: unindent, 9.479, 0.1199873417721519, 
4143, IndentationError: unindent, 15.007, 0.1899620253164557, 
4143, IndentationError: unindent, 1.616, 0.020455696202531647, 
4143, IndentationError: unindent, 8.516, 0.10779746835443038, 
4143, IndentationError: unindent, 8.491, 0.10748101265822785, 
4143, SyntaxError: invalid syntax, 7.11, 0.24517241379310345, 
4143, SyntaxError: invalid syntax, 1.268, 0.04372413793103448, 
4143, SyntaxError: invalid syntax, 4.332, 0.14937931034482757, 
4143, SyntaxError: invalid syntax, 0.885, 0.030517241379310344, 
4143, SyntaxError: invalid syntax, 20.861, 0.7193448275862069, 
4143, SyntaxError: invalid syntax, 8.418, 0.2902758620689655, 
4131, SyntaxError: invalid syntax, 16.44, 0.566896551724138, 
4131, SyntaxError: invalid syntax, 2.202, 0.07593103448275862, 
4131, SyntaxError: invalid syntax, 1.349, 0.04651724137931034, 
4131, NameError: name, 1.431, 0.02751923076923077, 
4131, NameError: name, 3.436, 0.06607692307692307, 
4163, TypeError: unsupported operand type, 1.285, 0.029883720930232557, 
4163, TypeError: unsupported operand type, 15.482, 0.36004651162790696, 
4163, SyntaxError: invalid syntax, 4.189, 0.14444827586206896, 
4163, SyntaxError: invalid syntax, 1.193, 0.04113793103448276, 
4154, SyntaxError: invalid syntax, 4.988, 0.17200000000000001, 
4154, SyntaxError: invalid syntax, 3.026, 0.10434482758620689, 
4154, TabError: inconsistent use, 100.731, 1.7073050847457627, 
4154, TabError: inconsistent use, 29.633, 0.5022542372881356, 
4154, TabError: inconsistent use, 34.021, 0.5766271186440678, 
4477, SyntaxError: invalid syntax, 14.826, 0.5112413793103449, 
4477, NameError: name, 8.941, 0.1719423076923077, 
4477, SyntaxError: invalid syntax, 22.236, 0.7667586206896552, 
4477, SyntaxError: invalid syntax, 0.586, 0.020206896551724137, 
4477, SyntaxError: invalid syntax, 11.942, 0.41179310344827585, 
4477, ValueError: invalid literal for int() with base 10, 6.099, 0.0781923076923077, 
4477, ValueError: invalid literal for int() with base 10, 4.922, 0.0631025641025641, 
4477, ValueError: invalid literal for int() with base 10, 3.357, 0.04303846153846154, 
4477, SyntaxError: invalid syntax, 8.013, 0.2763103448275862, 
4477, SyntaxError: invalid syntax, 5.86, 0.20206896551724138, 
4477, SyntaxError: invalid syntax, 0.994, 0.03427586206896552, 
4477, SyntaxError: invalid syntax, 15.13, 0.5217241379310346, 
4477, SyntaxError: invalid syntax, 6.687, 0.23058620689655174, 
4477, SyntaxError: unexpected EOF while parsing, 2.835, 0.050624999999999996, 
4477, SyntaxError: unexpected EOF while parsing, 14.119, 0.252125, 
4477, SyntaxError: invalid syntax, 12.993, 0.4480344827586207, 
4477, SyntaxError: invalid syntax, 3.383, 0.1166551724137931, 
4477, SyntaxError: invalid syntax, 1.14, 0.039310344827586205, 
4477, SyntaxError: invalid syntax, 4.067, 0.14024137931034483, 
4477, SyntaxError: invalid syntax, 3.587, 0.1236896551724138, 
4477, SyntaxError: invalid syntax, 20.177, 0.6957586206896551, 
4477, SyntaxError: invalid syntax, 2.512, 0.08662068965517242, 
4477, SyntaxError: invalid syntax, 1.972, 0.068, 
4477, SyntaxError: invalid syntax, 1.629, 0.05617241379310345, 
4477, SyntaxError: invalid syntax, 9.551, 0.3293448275862069, 
4477, NameError: name, 1.826, 0.03511538461538462, 
4477, NameError: name, 9.525, 0.18317307692307694, 
4477, SyntaxError: invalid syntax, 10.414, 0.35910344827586205, 
4477, SyntaxError: invalid syntax, 18.75, 0.646551724137931, 
4477, SyntaxError: unexpected EOF while parsing, 26.005, 0.464375, 
4477, ValueError: invalid literal for int() with base 10, 45.422, 0.5823333333333333, 
4150, NameError: name, 37.116, 0.7137692307692307, 
4150, NameError: name, 3.3, 0.06346153846153846, 
4150, SyntaxError: invalid syntax, 1.068, 0.03682758620689655, 
4150, SyntaxError: invalid syntax, 1.325, 0.045689655172413794, 
4150, SyntaxError: invalid syntax, 12.323, 0.42493103448275865, 
4150, SyntaxError: invalid syntax, 0.579, 0.019965517241379308, 
4150, SyntaxError: invalid syntax, 8.094, 0.27910344827586203, 
4150, SyntaxError: invalid syntax, 1.801, 0.06210344827586207, 
4150, SyntaxError: invalid syntax, 37.615, 1.2970689655172414, 
4150, SyntaxError: invalid syntax, 6.249, 0.21548275862068964, 
4150, SyntaxError: invalid syntax, 10.977, 0.37851724137931037, 
4150, SyntaxError: invalid syntax, 1.393, 0.04803448275862069, 
4150, IndentationError: unexpected indent, 5.888, 0.15097435897435899, 
4150, SyntaxError: unexpected EOF while parsing, 8.51, 0.15196428571428572, 
4150, SyntaxError: unexpected EOF while parsing, 1.897, 0.033875, 
4150, SyntaxError: invalid syntax, 3.188, 0.10993103448275862, 
4150, SyntaxError: invalid syntax, 1.752, 0.06041379310344828, 
4150, SyntaxError: invalid syntax, 56.147, 1.9361034482758621, 
4150, SyntaxError: invalid syntax, 1.132, 0.03903448275862069, 
4150, SyntaxError: invalid syntax, 1.54, 0.05310344827586207, 
4150, TypeError: unsupported operand type, 2.285, 0.05313953488372093, 
4150, SyntaxError: invalid syntax, 1.239, 0.04272413793103449, 
4150, SyntaxError: invalid syntax, 22.722, 0.7835172413793103, 
4150, SyntaxError: unexpected EOF while parsing, 22.902, 0.4089642857142857, 
4150, SyntaxError: unexpected EOF while parsing, 1.872, 0.03342857142857143, 
4150, IndentationError: unindent, 1.409, 0.017835443037974685, 
4150, IndentationError: unindent, 2.59, 0.03278481012658228, 
4150, SyntaxError: unexpected EOF while parsing, 35.747, 0.6383392857142857, 
4134, SyntaxError: invalid syntax, 22.659, 0.7813448275862068, 
4134, SyntaxError: invalid syntax, 1.887, 0.06506896551724138, 
4134, SyntaxError: invalid syntax, 1.143, 0.03941379310344827, 
4134, SyntaxError: invalid syntax, 1.063, 0.036655172413793104, 
4134, NameError: name, 1.852, 0.03561538461538462, 
4134, SyntaxError: invalid syntax, 5.481, 0.189, 
4134, SyntaxError: invalid syntax, 31.645, 1.091206896551724, 
4134, SyntaxError: invalid syntax, 1.604, 0.05531034482758621, 
4134, SyntaxError: invalid syntax, 1.143, 0.03941379310344827, 
4134, SyntaxError: invalid syntax, 0.762, 0.026275862068965518, 
4134, SyntaxError: invalid syntax, 1.077, 0.037137931034482756, 
4134, SyntaxError: invalid syntax, 0.776, 0.026758620689655174, 
4134, SyntaxError: invalid syntax, 3.047, 0.10506896551724139, 
4134, SyntaxError: invalid syntax, 0.931, 0.03210344827586207, 
4134, SyntaxError: invalid syntax, 0.835, 0.02879310344827586, 
4134, SyntaxError: invalid syntax, 3.114, 0.10737931034482759, 
4134, NameError: name, 4.929, 0.09478846153846154, 
4134, NameError: name, 3.011, 0.05790384615384615, 
4134, SyntaxError: invalid syntax, 0.416, 0.014344827586206896, 
4134, SyntaxError: invalid syntax, 0.96, 0.03310344827586207, 
4134, SyntaxError: unexpected EOF while parsing, 0.547, 0.009767857142857144, 
4134, SyntaxError: unexpected EOF while parsing, 4.558, 0.08139285714285714, 
4134, SyntaxError: invalid syntax, 5.785, 0.19948275862068965, 
4134, SyntaxError: invalid syntax, 0.785, 0.027068965517241382, 
4134, SyntaxError: invalid syntax, 0.878, 0.030275862068965518, 
4134, IndentationError: expected an indented block, 1.521, 0.033065217391304344, 
4134, SyntaxError: invalid syntax, 1.074, 0.037034482758620695, 
4134, SyntaxError: invalid syntax, 0.593, 0.020448275862068963, 
4134, SyntaxError: invalid syntax, 1.382, 0.0476551724137931, 
4134, IndentationError: expected an indented block, 1.235, 0.026847826086956524, 
4134, IndentationError: expected an indented block, 3.331, 0.07241304347826087, 
4134, IndentationError: unindent, 11.95, 0.15126582278481013, 
4134, IndentationError: unindent, 4.989, 0.06315189873417722, 
4134, SyntaxError: invalid syntax, 10.203, 0.3518275862068965, 
4134, SyntaxError: invalid syntax, 1.197, 0.04127586206896552, 
4134, SyntaxError: invalid syntax, 5.058, 0.17441379310344826, 
4134, SyntaxError: invalid syntax, 0.997, 0.034379310344827586, 
4134, SyntaxError: invalid syntax, 2.033, 0.07010344827586207, 
4134, SyntaxError: invalid syntax, 1.066, 0.03675862068965517, 
4134, SyntaxError: invalid syntax, 1.411, 0.04865517241379311, 
4134, SyntaxError: invalid syntax, 1.744, 0.060137931034482756, 
4134, SyntaxError: invalid syntax, 1.867, 0.06437931034482759, 
4134, SyntaxError: unexpected EOF while parsing, 1.886, 0.033678571428571426, 
4134, SyntaxError: unexpected EOF while parsing, 1.58, 0.028214285714285716, 
4134, ZeroDivisionError: division by zero, 4.34, 0.124, 
4134, SyntaxError: invalid syntax, 0.777, 0.026793103448275863, 
4134, SyntaxError: invalid syntax, 1.328, 0.04579310344827586, 
4134, SyntaxError: unexpected EOF while parsing, 62.04, 1.1078571428571429, 
4134, SyntaxError: invalid syntax, 1.347, 0.04644827586206896, 
4134, SyntaxError: invalid syntax, 1.292, 0.044551724137931036, 
4134, SyntaxError: invalid syntax, 1.039, 0.03582758620689655, 
4134, SyntaxError: invalid syntax, 0.761, 0.02624137931034483, 
4134, ValueError: invalid literal for int() with base 10, 2.459, 0.031525641025641024, 
4134, SyntaxError: unexpected EOF while parsing, 1.464, 0.02614285714285714, 
4165, IndentationError: expected an indented block, 50.425, 1.096195652173913, 
4124, SyntaxError: invalid syntax, 15.593, 0.5376896551724137, 
4124, IndentationError: unindent, 43.021, 0.5445696202531646, 
4124, SyntaxError: invalid syntax, 4.015, 0.13844827586206895, 
4124, SyntaxError: invalid syntax, 2.126, 0.07331034482758621, 
4124, SyntaxError: invalid syntax, 3.648, 0.12579310344827588, 
4124, SyntaxError: invalid syntax, 2.095, 0.07224137931034483, 
